{"scenarioId":11,"title":"Bondinho Chocolate e Confeitaria - Pompéia","text":"","userId":27,"loc":{"type":"Point","accuracy":5.0,"coordinates":[-46.69082, -23.53896]},"type":"text","infobox":{"schedule":"","text":" Av Pompeia, 1795 Prox. Ao Metro Vila Madalena - Perdizes São Paulo - SP","homepage":""}}
{"scenarioId":11,"title":"Refúgio Restaurante","text":"","userId":27,"loc":{"type":"Point","accuracy":5.0,"coordinates":[-44.711708, -23.220382]},"type":"text","infobox":{"schedule":"","text":" Praça da Bandeira, 1 Centro - Paraty RJ","homepage":""}}
{"scenarioId":11,"title":"À Metro Pizzaria","text":"","userId":27,"loc":{"type":"Point","accuracy":5.0,"coordinates":[-43.352263352173914, -23.00033777826087]},"type":"text","infobox":{"schedule":"","text":" Av das Americas, 3939 Bloco 2 - Barra da Tijuca Rio de Janeiro - RJ","homepage":""}}
{"scenarioId":11,"title":"Costa de Areias Lanchonete e P","text":"","userId":27,"loc":{"type":"Point","accuracy":5.0,"coordinates":[-43.17750154757282, -22.963715233009708]},"type":"text","infobox":{"schedule":"","text":" R Ronald de Carvalho, 266 Loja D - Copacabana Rio de Janeiro - RJ","homepage":""}}
{"scenarioId":11,"title":"Pizza Line Delivery","text":"","userId":27,"loc":{"type":"Point","accuracy":5.0,"coordinates":[-43.377306611538465, -22.933422573076925]},"type":"text","infobox":{"schedule":"","text":" R Andre Rocha, 1981 Taquara - Jacarepagua Rio de Janeiro - RJ","homepage":""}}
{"scenarioId":11,"title":"00 Café Bistrô","text":"","userId":27,"loc":{"type":"Point","accuracy":5.0,"coordinates":[-43.20632014171725, -22.983036792484274]},"type":"text","infobox":{"schedule":"","text":" R Br. da Torre, 398 A - Ipanema Rio de Janeiro - RJ","homepage":""}}
{"scenarioId":11,"title":"Doce Delícia","text":"","userId":27,"loc":{"type":"Point","accuracy":5.0,"coordinates":[-43.211387, -22.984648]},"type":"text","infobox":{"schedule":"","text":" Rua Aníbal de Mendonça, 55 Tr Lj B - Ipanema Rio de Janeiro - RJ","homepage":""}}
{"scenarioId":11,"title":"Casa do Carangueijo - Charitas","text":"","userId":27,"loc":{"type":"Point","accuracy":5.0,"coordinates":[-43.094752, -22.922503]},"type":"text","infobox":{"schedule":"","text":" Av Quintino Bocaiúva, 737 - Charitas Niterói - RJ","homepage":""}}
